price,title
£54.64,Birdsong: A Story in Pictures
£36.89,The Bear and the Piano
£56.13,The Secret of Dreadwillow Carse
£58.08,The White Cat and the Monk: A Retelling of the Poem “Pangur Bán”
£13.47,Little Red
£12.96,Walt Disney's Alice in Wonderland
£22.08,Twenty Yawns
£23.57,Rain Fish
£18.28,Once Was a Time
£53.95,Luis Paints the World
£25.08,Nap-a-Roo
£35.96,The Whale
£52.87,"Shrunken Treasures: Literary Classics, Short, Sweet, and Silly"
£34.41,Raymie Nightingale
£32.38,Playing from the Heart
£22.54,Maybe Something Beautiful: How Art Transformed a Neighborhood
£56.07,The Wild Robot
£48.77,The Thing About Jellyfish
£43.59,The Lonely Ones
£26.33,The Day the Crayons Came Home (Crayons)
£16.26,The Cat in the Hat (Beginner Books B-1)
£28.54,Red: The True Story of Red Riding Hood
£37.52,Horrible Bear!
£10.79,Green Eggs and Ham (Beginner Books B-16)
£10.62,Counting Thyme
£10.66,Are We There Yet?
£52.88,Diary of a Minecraft Zombie Book 1: A Scare of a Dare (An Unofficial Minecraft Book)
£28.34,Matilda
£22.85,Charlie and the Chocolate Factory (Charlie Bucket #1)
